{"frames":[{"filename":"Comp 2_00019","frame":{"x":0,"y":0,"w":1152,"h":324},"rotated":false,"trimmed":false,"spriteSourceSize":{"x":0,"y":0,"w":1152,"h":324},"sourceSize":{"w":1152,"h":324}},{"filename":"Comp 2_00020","frame":{"x":0,"y":325,"w":1152,"h":324},"rotated":false,"trimmed":false,"spriteSourceSize":{"x":0,"y":0,"w":1152,"h":324},"sourceSize":{"w":1152,"h":324}},{"filename":"Comp 2_00021","frame":{"x":0,"y":650,"w":1152,"h":324},"rotated":false,"trimmed":false,"spriteSourceSize":{"x":0,"y":0,"w":1152,"h":324},"sourceSize":{"w":1152,"h":324}},{"filename":"Comp 2_00022","frame":{"x":0,"y":975,"w":1152,"h":324},"rotated":false,"trimmed":false,"spriteSourceSize":{"x":0,"y":0,"w":1152,"h":324},"sourceSize":{"w":1152,"h":324}},{"filename":"Comp 2_00023","frame":{"x":0,"y":1300,"w":1152,"h":324},"rotated":false,"trimmed":false,"spriteSourceSize":{"x":0,"y":0,"w":1152,"h":324},"sourceSize":{"w":1152,"h":324}},{"filename":"Comp 2_00024","frame":{"x":0,"y":1625,"w":1152,"h":324},"rotated":false,"trimmed":false,"spriteSourceSize":{"x":0,"y":0,"w":1152,"h":324},"sourceSize":{"w":1152,"h":324}},{"filename":"Comp 2_00025","frame":{"x":0,"y":1950,"w":1152,"h":324},"rotated":false,"trimmed":false,"spriteSourceSize":{"x":0,"y":0,"w":1152,"h":324},"sourceSize":{"w":1152,"h":324}},{"filename":"Comp 2_00026","frame":{"x":1153,"y":0,"w":1152,"h":324},"rotated":false,"trimmed":false,"spriteSourceSize":{"x":0,"y":0,"w":1152,"h":324},"sourceSize":{"w":1152,"h":324}},{"filename":"Comp 2_00027","frame":{"x":1153,"y":325,"w":1152,"h":324},"rotated":false,"trimmed":false,"spriteSourceSize":{"x":0,"y":0,"w":1152,"h":324},"sourceSize":{"w":1152,"h":324}},{"filename":"Comp 2_00028","frame":{"x":1153,"y":650,"w":1152,"h":324},"rotated":false,"trimmed":false,"spriteSourceSize":{"x":0,"y":0,"w":1152,"h":324},"sourceSize":{"w":1152,"h":324}},{"filename":"Comp 2_00029","frame":{"x":1153,"y":975,"w":1152,"h":324},"rotated":false,"trimmed":false,"spriteSourceSize":{"x":0,"y":0,"w":1152,"h":324},"sourceSize":{"w":1152,"h":324}},{"filename":"Comp 2_00000","frame":{"x":1153,"y":1300,"w":1152,"h":324},"rotated":false,"trimmed":false,"spriteSourceSize":{"x":0,"y":0,"w":1152,"h":324},"sourceSize":{"w":1152,"h":324}},{"filename":"Comp 2_00001","frame":{"x":1153,"y":1625,"w":1152,"h":324},"rotated":false,"trimmed":false,"spriteSourceSize":{"x":0,"y":0,"w":1152,"h":324},"sourceSize":{"w":1152,"h":324}},{"filename":"Comp 2_00002","frame":{"x":1153,"y":1950,"w":1152,"h":324},"rotated":false,"trimmed":false,"spriteSourceSize":{"x":0,"y":0,"w":1152,"h":324},"sourceSize":{"w":1152,"h":324}},{"filename":"Comp 2_00003","frame":{"x":0,"y":2275,"w":1152,"h":324},"rotated":false,"trimmed":false,"spriteSourceSize":{"x":0,"y":0,"w":1152,"h":324},"sourceSize":{"w":1152,"h":324}},{"filename":"Comp 2_00004","frame":{"x":1153,"y":2275,"w":1152,"h":324},"rotated":false,"trimmed":false,"spriteSourceSize":{"x":0,"y":0,"w":1152,"h":324},"sourceSize":{"w":1152,"h":324}},{"filename":"Comp 2_00005","frame":{"x":0,"y":2600,"w":1152,"h":324},"rotated":false,"trimmed":false,"spriteSourceSize":{"x":0,"y":0,"w":1152,"h":324},"sourceSize":{"w":1152,"h":324}},{"filename":"Comp 2_00006","frame":{"x":1153,"y":2600,"w":1152,"h":324},"rotated":false,"trimmed":false,"spriteSourceSize":{"x":0,"y":0,"w":1152,"h":324},"sourceSize":{"w":1152,"h":324}},{"filename":"Comp 2_00007","frame":{"x":0,"y":2925,"w":1152,"h":324},"rotated":false,"trimmed":false,"spriteSourceSize":{"x":0,"y":0,"w":1152,"h":324},"sourceSize":{"w":1152,"h":324}},{"filename":"Comp 2_00008","frame":{"x":1153,"y":2925,"w":1152,"h":324},"rotated":false,"trimmed":false,"spriteSourceSize":{"x":0,"y":0,"w":1152,"h":324},"sourceSize":{"w":1152,"h":324}},{"filename":"Comp 2_00009","frame":{"x":2306,"y":0,"w":1152,"h":324},"rotated":false,"trimmed":false,"spriteSourceSize":{"x":0,"y":0,"w":1152,"h":324},"sourceSize":{"w":1152,"h":324}},{"filename":"Comp 2_00010","frame":{"x":2306,"y":325,"w":1152,"h":324},"rotated":false,"trimmed":false,"spriteSourceSize":{"x":0,"y":0,"w":1152,"h":324},"sourceSize":{"w":1152,"h":324}},{"filename":"Comp 2_00011","frame":{"x":2306,"y":650,"w":1152,"h":324},"rotated":false,"trimmed":false,"spriteSourceSize":{"x":0,"y":0,"w":1152,"h":324},"sourceSize":{"w":1152,"h":324}},{"filename":"Comp 2_00012","frame":{"x":2306,"y":975,"w":1152,"h":324},"rotated":false,"trimmed":false,"spriteSourceSize":{"x":0,"y":0,"w":1152,"h":324},"sourceSize":{"w":1152,"h":324}},{"filename":"Comp 2_00013","frame":{"x":2306,"y":1300,"w":1152,"h":324},"rotated":false,"trimmed":false,"spriteSourceSize":{"x":0,"y":0,"w":1152,"h":324},"sourceSize":{"w":1152,"h":324}},{"filename":"Comp 2_00014","frame":{"x":2306,"y":1625,"w":1152,"h":324},"rotated":false,"trimmed":false,"spriteSourceSize":{"x":0,"y":0,"w":1152,"h":324},"sourceSize":{"w":1152,"h":324}},{"filename":"Comp 2_00015","frame":{"x":2306,"y":1950,"w":1152,"h":324},"rotated":false,"trimmed":false,"spriteSourceSize":{"x":0,"y":0,"w":1152,"h":324},"sourceSize":{"w":1152,"h":324}},{"filename":"Comp 2_00016","frame":{"x":2306,"y":2275,"w":1152,"h":324},"rotated":false,"trimmed":false,"spriteSourceSize":{"x":0,"y":0,"w":1152,"h":324},"sourceSize":{"w":1152,"h":324}},{"filename":"Comp 2_00017","frame":{"x":2306,"y":2600,"w":1152,"h":324},"rotated":false,"trimmed":false,"spriteSourceSize":{"x":0,"y":0,"w":1152,"h":324},"sourceSize":{"w":1152,"h":324}},{"filename":"Comp 2_00018","frame":{"x":2306,"y":2925,"w":1152,"h":324},"rotated":false,"trimmed":false,"spriteSourceSize":{"x":0,"y":0,"w":1152,"h":324},"sourceSize":{"w":1152,"h":324}}],"meta":{"app":"https://www.leshylabs.com/apps/sstool/","version":"Leshy SpriteSheet Tool v0.8.4","image":"spritesheet.png","size":{"w":3458,"h":3249},"scale":1}}