{"frames":[{"filename":"comp3_1","frame":{"x":0,"y":124,"w":103,"h":123},"rotated":false,"trimmed":false,"spriteSourceSize":{"x":0,"y":0,"w":103,"h":123},"sourceSize":{"w":103,"h":123}},{"filename":"comp3_2","frame":{"x":104,"y":124,"w":102,"h":123},"rotated":false,"trimmed":false,"spriteSourceSize":{"x":0,"y":0,"w":102,"h":123},"sourceSize":{"w":102,"h":123}},{"filename":"comp3_3","frame":{"x":103,"y":0,"w":103,"h":123},"rotated":false,"trimmed":false,"spriteSourceSize":{"x":0,"y":0,"w":103,"h":123},"sourceSize":{"w":103,"h":123}},{"filename":"comp3_4","frame":{"x":0,"y":0,"w":102,"h":123},"rotated":false,"trimmed":false,"spriteSourceSize":{"x":0,"y":0,"w":102,"h":123},"sourceSize":{"w":102,"h":123}}],"meta":{"app":"https://www.leshylabs.com/apps/sstool/","version":"Leshy SpriteSheet Tool v0.8.4","image":"spritesheet.png","size":{"w":206,"h":247},"scale":1}}